{"train_loss":7.390625,"total_loss":4.7578125,"avg_train_loss":6.724170629528985,"_wandb":{"runtime":65},"epoch":2,"avg_counterfactual_loss":2.1798997961956523,"step":828,"counterfactual_loss":2.12109375,"_step":830,"_runtime":63.506630666,"_timestamp":1.730360735807686e+09}